,Name,License
0,,
1,,custom
2,,custom
3,,custom
4,torchxrayvision_resnet101_elastic_ae_padchest_nih_chexpert_mimic_nb_mimic_ch_11,apache-2.0
5,alexnet_imagenet_11,bsd-3-clause
6,inception_v3_imagenet_11,bsd-3-clause
7,resnet152_imagenet_11,bsd-3-clause
8,shufflenet_v2_x1_0_imagenet_11,bsd-3-clause
9,vgg19_bn_imagenet_11,bsd-3-clause
10,,apache-2.0
11,,apache-2.0
12,,apache-2.0
13,deit_base_patch16_224_imagenet_11,apache-2.0
14,zfnet512-9,apache-2.0
15,mnist-8,apache-2.0
16,emotion-ferplus-8,apache-2.0
17,age_googlenet,apache-2.0
18,vgg_ilsvrc_16_gender_imdb_wiki,apache-2.0
19,agripredict_disease_classification_prop_11,bsd-3-clause
20,densenet161_places365_11,mit
21,torchxrayvision_densenet121_all_11,apache-2.0
22,ukbiobank_deep_brain_age_ukbiobank_11,
23,resnet18_imagenet_11,bsd-3-clause
24,resnet50_imagenet_11,bsd-3-clause
25,densenet121_imagenet_11,bsd-3-clause
26,densenet161_imagenet_11,bsd-3-clause
27,densenet169_imagenet_11,bsd-3-clause
28,densenet201_imagenet_11,bsd-3-clause
29,googlenet_imagenet_11,bsd-3-clause
30,mnasnet0_5_imagenet_11,bsd-3-clause
31,mnasnet1_0_imagenet_11,bsd-3-clause
32,mobilenet_v2_imagenet_11,bsd-3-clause
33,resnet101_imagenet_11,bsd-3-clause
34,resnet34_imagenet_11,bsd-3-clause
35,resnext101_32x8d_imagenet_11,bsd-3-clause
36,resnext50_32x4d_imagenet_11,bsd-3-clause
37,shufflenet_v2_x0_5_imagenet_11,bsd-3-clause
38,squeezenet1_0_imagenet_11,bsd-3-clause
39,squeezenet1_1_imagenet_11,bsd-3-clause
40,vgg11_imagenet_11,bsd-3-clause
41,vgg11_bn_imagenet_11,bsd-3-clause
42,vgg13_imagenet_11,bsd-3-clause
43,vgg13_bn_imagenet_11,bsd-3-clause
44,vgg16_imagenet_11,bsd-3-clause
45,vgg16_bn_imagenet_11,bsd-3-clause
46,vgg19_imagenet_11,bsd-3-clause
47,wide_resnet101_2_imagenet_11,bsd-3-clause
48,wide_resnet50_2_imagenet_11,bsd-3-clause
49,,apache-2.0
50,,apache-2.0
51,,apache-2.0
52,,apache-2.0
53,,apache-2.0
54,,apache-2.0
55,,apache-2.0
56,,apache-2.0
57,,apache-2.0
58,,apache-2.0
59,,apache-2.0
60,,apache-2.0
61,,apache-2.0
62,,apache-2.0
63,,apache-2.0
64,efficientnet-lite4-11,apache-2.0
65,,
66,,
67,,
68,,
69,,
70,,mit
71,,mit
72,,mit
73,alexnet_places365_11,mit
74,,mit
75,,mit
76,,mit
77,,mit
78,,mit
79,,mit
80,resnet50_places365_11,mit
81,resnet18_places365_11,mit
82,,
83,,
84,,
85,,
86,,
87,,
88,,
89,torchxrayvision_densenet121_kaggle_11,apache-2.0
90,torchxrayvision_densenet121_nih_11,apache-2.0
91,torchxrayvision_densenet121_pc_11,apache-2.0
92,torchxrayvision_densenet121_chex_11,apache-2.0
93,torchxrayvision_densenet121_mimic_nb_11,apache-2.0
94,torchxrayvision_densenet121_mimic_ch_11,apache-2.0
95,torchxrayvision_resnet50_512_all_11,apache-2.0
96,deit_small_patch16_224_imagenet_11,apache-2.0
97,deit_base_distilled_patch16_384_imagenet_11,apache-2.0
98,deit_base_distilled_patch16_224_imagenet_11,apache-2.0
99,deit_tiny_patch16_224_imagenet_11,apache-2.0
100,deit_tiny_distilled_patch16_224_imagenet_11,apache-2.0
101,deit_base_patch16_384_imagenet_11,apache-2.0
102,deit_small_distilled_patch16_224_imagenet_11,apache-2.0
103,ukbiobank_deep_sex_prediction_ukbiobank_11,
104,,apache-2.0
105,,apache-2.0
106,,apache-2.0
107,,apache-2.0
108,,apache-2.0
109,,apache-2.0
110,,apache-2.0
111,,apache-2.0
112,,apache-2.0
113,,apache-2.0
114,,apache-2.0
115,,apache-2.0
116,,apache-2.0
117,,apache-2.0
118,,apache-2.0
119,hardnet68_imagenet_11,mit
120,hardnet68ds_imagenet_11,mit
121,hardnet39ds_imagenet_11,mit
122,hardnet85_imagenet_11,mit
123,ghostnet_1x_imagenet_11,
124,ntsnet_cub2002011_11,mit
125,mealv1_resnest50_imagenet_11,
126,mealv2_resnest50_imagenet_11,
127,mealv2_resnest50_cutmix_imagenet_11,
128,mealv2_resnest50_380x380_imagenet_11,
129,mealv2_mobilenetv3_small_075_imagenet_11,
130,mealv2_mobilenetv3_small_100_imagenet_11,
131,mealv2_mobilenet_v3_large_100_imagenet_11,
132,mealv2_efficientnet_b0_imagenet_11,
133,tinynet_a_imagenet_11,
134,tinynet_b_imagenet_11,
135,tinynet_c_imagenet_11,
136,tinynet_d_imagenet_11,
137,tinynet_e_imagenet_11,
138,alexnet_untrained_11,bsd-3-clause
139,densenet121_untrained_11,bsd-3-clause
140,densenet161_untrained_11,bsd-3-clause
141,densenet169_untrained_11,bsd-3-clause
142,densenet201_untrained_11,bsd-3-clause
143,googlenet_untrained_11,bsd-3-clause
144,inception_v3_untrained_11,bsd-3-clause
145,mnasnet0_5_untrained_11,bsd-3-clause
146,mnasnet0_75_untrained_11,bsd-3-clause
147,mnasnet1_0_untrained_11,bsd-3-clause
148,mnasnet1_3_untrained_11,bsd-3-clause
149,mobilenet_v2_untrained_11,bsd-3-clause
150,resnet101_untrained_11,bsd-3-clause
151,resnet152_untrained_11,bsd-3-clause
152,resnet18_untrained_11,bsd-3-clause
153,resnet34_untrained_11,bsd-3-clause
154,resnet50_untrained_11,bsd-3-clause
155,resnext101_32x8d_untrained_11,bsd-3-clause
156,resnext50_32x4d_untrained_11,bsd-3-clause
157,shufflenet_v2_x0_5_untrained_11,bsd-3-clause
158,shufflenet_v2_x1_0_untrained_11,bsd-3-clause
159,shufflenet_v2_x1_5_untrained_11,bsd-3-clause
160,shufflenet_v2_x2_0_untrained_11,bsd-3-clause
161,squeezenet1_0_untrained_11,bsd-3-clause
162,squeezenet1_1_untrained_11,bsd-3-clause
163,vgg11_bn_untrained_11,bsd-3-clause
164,vgg11_untrained_11,bsd-3-clause
165,vgg13_bn_untrained_11,bsd-3-clause
166,vgg13_untrained_11,bsd-3-clause
167,vgg16_bn_untrained_11,bsd-3-clause
168,vgg16_untrained_11,bsd-3-clause
169,vgg19_bn_untrained_11,bsd-3-clause
170,vgg19_untrained_11,bsd-3-clause
171,wide_resnet101_2_untrained_11,bsd-3-clause
172,wide_resnet50_2_untrained_11,bsd-3-clause
173,resnet50_fractalDB1k_11,mit
174,resnet50_fractalDB10k_11,mit
175,resnet18_0_cifar10_11,
176,resnet18_1_cifar10_11,
177,resnet18_2_cifar10_11,
178,resnet18_7_cifar10_11,
179,resnet18_8_cifar10_11,
180,resnet18_10_cifar10_11,
181,resnet18_11_cifar10_11,
182,resnet18_13_cifar10_11,
183,resnet18_16_cifar10_11,
184,resnet18_18_cifar10_11,
185,resnet18_3_pretrained_cifar10_11,
186,resnet18_4_pretrained_cifar10_11,
187,resnet18_5_pretrained_cifar10_11,
188,resnet18_6_pretrained_cifar10_11,
189,resnet18_9_pretrained_cifar10_11,
190,resnet18_12_pretrained_cifar10_11,
191,resnet18_14_pretrained_cifar10_11,
192,resnet18_15_pretrained_cifar10_11,
193,resnet18_17_pretrained_cifar10_11,
194,resnet18_19_pretrained_cifar10_11,
195,hso_lowres_resnet9_cifar10_11,mit
196,hso_lowres_vgg11_cifar10_11,mit
197,hso_lowres_vgg19_cifar10_11,mit
198,hso_lowres_vgg11_bn_cifar10_11,mit
199,hso_lowres_resnet101_cifar10_11,mit
200,hso_lowres_vgg16_bn_cifar10_11,mit
201,hso_lowres_resnet50_cifar10_11,mit
202,hso_lowres_resnet34_cifar10_11,mit
203,hso_lowres_resnet152_cifar10_11,mit
204,hso_lowres_resnet18_cifar10_11,mit
205,hso_lowres_resnet18_noresidual_cifar10_11,mit
206,hso_lowres_vgg19_bn_cifar10_11,mit
207,hso_lowres_vgg13_cifar10_11,mit
208,hso_lowres_inception_v3_cifar10_11,mit
209,hso_lowres_densenet161_cifar10_11,mit
210,hso_lowres_mobilenet_v2_cifar10_11,mit
211,hso_lowres_densenet169_cifar10_11,mit
212,hso_lowres_resnet14_cifar10_11,mit
213,hso_lowres_densenet121_cifar10_11,mit
214,hso_lowres_googlenet_cifar10_11,mit
215,hso_lowres_alexnet_cifar10_11,mit
216,hso_lowres_vgg13_bn_cifar10_11,mit
217,hso_lowres_vgg16_cifar10_11,mit
218,hso_lowres_resnet9_cifar100_11,mit
219,hso_lowres_vgg11_cifar100_11,mit
220,hso_lowres_vgg19_cifar100_11,mit
221,hso_lowres_vgg11_bn_cifar100_11,mit
222,hso_lowres_resnet101_cifar100_11,mit
223,hso_lowres_vgg16_bn_cifar100_11,mit
224,hso_lowres_resnet50_cifar100_11,mit
225,hso_lowres_resnet34_cifar100_11,mit
226,hso_lowres_resnet152_cifar100_11,mit
227,hso_lowres_resnet18_cifar100_11,mit
228,hso_lowres_resnet18_noresidual_cifar100_11,mit
229,hso_lowres_vgg19_bn_cifar100_11,mit
230,hso_lowres_vgg13_cifar100_11,mit
231,hso_lowres_inception_v3_cifar100_11,mit
232,hso_lowres_densenet161_cifar100_11,mit
233,hso_lowres_mobilenet_v2_cifar100_11,mit
234,hso_lowres_densenet169_cifar100_11,mit
235,hso_lowres_resnet14_cifar100_11,mit
236,hso_lowres_densenet121_cifar100_11,mit
237,hso_lowres_googlenet_cifar100_11,mit
238,hso_lowres_alexnet_cifar100_11,mit
239,hso_lowres_vgg13_bn_cifar100_11,mit
240,hso_lowres_vgg16_cifar100_11,mit
241,hso_lowres_resnet9_mnist_11,mit
242,hso_lowres_vgg11_mnist_11,mit
243,hso_lowres_vgg19_mnist_11,mit
244,hso_lowres_vgg11_bn_mnist_11,mit
245,hso_lowres_resnet101_mnist_11,mit
246,hso_lowres_vgg16_bn_mnist_11,mit
247,hso_lowres_resnet50_mnist_11,mit
248,hso_lowres_resnet34_mnist_11,mit
249,hso_lowres_resnet152_mnist_11,mit
250,hso_lowres_resnet18_mnist_11,mit
251,hso_lowres_resnet18_noresidual_mnist_11,mit
252,hso_lowres_vgg19_bn_mnist_11,mit
253,hso_lowres_vgg13_mnist_11,mit
254,hso_lowres_inception_v3_mnist_11,mit
255,hso_lowres_densenet161_mnist_11,mit
256,hso_lowres_mobilenet_v2_mnist_11,mit
257,hso_lowres_densenet169_mnist_11,mit
258,hso_lowres_resnet14_mnist_11,mit
259,hso_lowres_densenet121_mnist_11,mit
260,hso_lowres_googlenet_mnist_11,mit
261,hso_lowres_alexnet_mnist_11,mit
262,hso_lowres_vgg13_bn_mnist_11,mit
263,hso_lowres_vgg16_mnist_11,mit
264,hso_lowres_resnet9_kmnist_11,mit
265,hso_lowres_vgg11_kmnist_11,mit
266,hso_lowres_vgg19_kmnist_11,mit
267,hso_lowres_vgg11_bn_kmnist_11,mit
268,hso_lowres_resnet101_kmnist_11,mit
269,hso_lowres_vgg16_bn_kmnist_11,mit
270,hso_lowres_resnet50_kmnist_11,mit
271,hso_lowres_resnet34_kmnist_11,mit
272,hso_lowres_resnet152_kmnist_11,mit
273,hso_lowres_resnet18_kmnist_11,mit
274,hso_lowres_resnet18_noresidual_kmnist_11,mit
275,hso_lowres_vgg19_bn_kmnist_11,mit
276,hso_lowres_vgg13_kmnist_11,mit
277,hso_lowres_inception_v3_kmnist_11,mit
278,hso_lowres_densenet161_kmnist_11,mit
279,hso_lowres_mobilenet_v2_kmnist_11,mit
280,hso_lowres_densenet169_kmnist_11,mit
281,hso_lowres_resnet14_kmnist_11,mit
282,hso_lowres_densenet121_kmnist_11,mit
283,hso_lowres_googlenet_kmnist_11,mit
284,hso_lowres_alexnet_kmnist_11,mit
285,hso_lowres_vgg13_bn_kmnist_11,mit
286,hso_lowres_vgg16_kmnist_11,mit
287,hso_lowres_resnet9_fashionmnist_11,mit
288,hso_lowres_vgg11_fashionmnist_11,mit
289,hso_lowres_vgg19_fashionmnist_11,mit
290,hso_lowres_vgg11_bn_fashionmnist_11,mit
291,hso_lowres_resnet101_fashionmnist_11,mit
292,hso_lowres_vgg16_bn_fashionmnist_11,mit
293,hso_lowres_resnet50_fashionmnist_11,mit
294,hso_lowres_resnet34_fashionmnist_11,mit
295,hso_lowres_resnet152_fashionmnist_11,mit
296,hso_lowres_resnet18_fashionmnist_11,mit
297,hso_lowres_resnet18_noresidual_fashionmnist_11,mit
298,hso_lowres_vgg19_bn_fashionmnist_11,mit
299,hso_lowres_vgg13_fashionmnist_11,mit
300,hso_lowres_inception_v3_fashionmnist_11,mit
301,hso_lowres_densenet161_fashionmnist_11,mit
302,hso_lowres_mobilenet_v2_fashionmnist_11,mit
303,hso_lowres_densenet169_fashionmnist_11,mit
304,hso_lowres_resnet14_fashionmnist_11,mit
305,hso_lowres_densenet121_fashionmnist_11,mit
306,hso_lowres_googlenet_fashionmnist_11,mit
307,hso_lowres_alexnet_fashionmnist_11,mit
308,hso_lowres_vgg13_bn_fashionmnist_11,mit
309,hso_lowres_vgg16_fashionmnist_11,mit
310,timm_adv_inception_v3_imagenet_11,apache-2.0
311,timm_coat_lite_mini_imagenet_11,apache-2.0
312,timm_coat_lite_small_imagenet_11,apache-2.0
313,timm_coat_lite_tiny_imagenet_11,apache-2.0
314,timm_coat_mini_imagenet_11,apache-2.0
315,timm_coat_tiny_imagenet_11,apache-2.0
316,timm_cspdarknet53_imagenet_11,apache-2.0
317,timm_cspresnet50_imagenet_11,apache-2.0
318,timm_cspresnext50_imagenet_11,apache-2.0
319,timm_densenet121_imagenet_11,apache-2.0
320,timm_densenetblur121d_imagenet_11,apache-2.0
321,timm_dla34_imagenet_11,apache-2.0
322,timm_dla46_c_imagenet_11,apache-2.0
323,timm_dla46x_c_imagenet_11,apache-2.0
324,timm_dla60_imagenet_11,apache-2.0
325,timm_dla60_res2net_imagenet_11,apache-2.0
326,timm_dla60_res2next_imagenet_11,apache-2.0
327,timm_dla60x_imagenet_11,apache-2.0
328,timm_dla60x_c_imagenet_11,apache-2.0
329,timm_dla102_imagenet_11,apache-2.0
330,timm_dla102x_imagenet_11,apache-2.0
331,timm_dla102x2_imagenet_11,apache-2.0
332,timm_dla169_imagenet_11,apache-2.0
333,timm_dpn68_imagenet_11,apache-2.0
334,timm_dpn68b_imagenet_11,apache-2.0
335,timm_dpn92_imagenet_11,apache-2.0
336,timm_dpn98_imagenet_11,apache-2.0
337,timm_dpn107_imagenet_11,apache-2.0
338,timm_dpn131_imagenet_11,apache-2.0
339,timm_ecaresnet26t_imagenet_11,apache-2.0
340,timm_ecaresnet50d_imagenet_11,apache-2.0
341,timm_ecaresnet50d_pruned_imagenet_11,apache-2.0
342,timm_ecaresnet50t_imagenet_11,apache-2.0
343,timm_ecaresnet101d_imagenet_11,apache-2.0
344,timm_ecaresnet101d_pruned_imagenet_11,apache-2.0
345,timm_ecaresnet269d_imagenet_11,apache-2.0
346,timm_ecaresnetlight_imagenet_11,apache-2.0
347,timm_efficientnet_b0_imagenet_11,apache-2.0
348,timm_efficientnet_b1_imagenet_11,apache-2.0
349,timm_efficientnet_b1_pruned_imagenet_11,apache-2.0
350,timm_efficientnet_b2_imagenet_11,apache-2.0
351,timm_efficientnet_b2_pruned_imagenet_11,apache-2.0
352,timm_efficientnet_b3_imagenet_11,apache-2.0
353,timm_efficientnet_b3_pruned_imagenet_11,apache-2.0
354,timm_efficientnet_b4_imagenet_11,apache-2.0
355,timm_efficientnet_el_imagenet_11,apache-2.0
356,timm_efficientnet_el_pruned_imagenet_11,apache-2.0
357,timm_efficientnet_em_imagenet_11,apache-2.0
358,timm_efficientnet_es_imagenet_11,apache-2.0
359,timm_efficientnet_es_pruned_imagenet_11,apache-2.0
360,timm_efficientnet_lite0_imagenet_11,apache-2.0
361,timm_efficientnetv2_rw_m_imagenet_11,apache-2.0
362,timm_efficientnetv2_rw_s_imagenet_11,apache-2.0
363,timm_ens_adv_inception_resnet_v2_imagenet_11,apache-2.0
364,timm_ese_vovnet19b_dw_imagenet_11,apache-2.0
365,timm_ese_vovnet39b_imagenet_11,apache-2.0
366,timm_fbnetc_100_imagenet_11,apache-2.0
367,timm_gernet_l_imagenet_11,apache-2.0
368,timm_gernet_m_imagenet_11,apache-2.0
369,timm_gernet_s_imagenet_11,apache-2.0
370,timm_ghostnet_100_imagenet_11,apache-2.0
371,timm_gluon_inception_v3_imagenet_11,apache-2.0
372,timm_gluon_resnet18_v1b_imagenet_11,apache-2.0
373,timm_gluon_resnet34_v1b_imagenet_11,apache-2.0
374,timm_gluon_resnet50_v1b_imagenet_11,apache-2.0
375,timm_gluon_resnet50_v1c_imagenet_11,apache-2.0
376,timm_gluon_resnet50_v1d_imagenet_11,apache-2.0
377,timm_gluon_resnet50_v1s_imagenet_11,apache-2.0
378,timm_gluon_resnet101_v1b_imagenet_11,apache-2.0
379,timm_gluon_resnet101_v1c_imagenet_11,apache-2.0
380,timm_gluon_resnet101_v1d_imagenet_11,apache-2.0
381,timm_gluon_resnet101_v1s_imagenet_11,apache-2.0
382,timm_gluon_resnet152_v1b_imagenet_11,apache-2.0
383,timm_gluon_resnet152_v1c_imagenet_11,apache-2.0
384,timm_gluon_resnet152_v1d_imagenet_11,apache-2.0
385,timm_gluon_resnet152_v1s_imagenet_11,apache-2.0
386,timm_gluon_resnext50_32x4d_imagenet_11,apache-2.0
387,timm_gluon_resnext101_32x4d_imagenet_11,apache-2.0
388,timm_gluon_resnext101_64x4d_imagenet_11,apache-2.0
389,timm_gluon_senet154_imagenet_11,apache-2.0
390,timm_gluon_seresnext50_32x4d_imagenet_11,apache-2.0
391,timm_gluon_seresnext101_32x4d_imagenet_11,apache-2.0
392,timm_gluon_seresnext101_64x4d_imagenet_11,apache-2.0
393,timm_gluon_xception65_imagenet_11,apache-2.0
394,timm_hardcorenas_a_imagenet_11,apache-2.0
395,timm_hardcorenas_b_imagenet_11,apache-2.0
396,timm_hardcorenas_c_imagenet_11,apache-2.0
397,timm_hardcorenas_d_imagenet_11,apache-2.0
398,timm_hardcorenas_e_imagenet_11,apache-2.0
399,timm_hardcorenas_f_imagenet_11,apache-2.0
400,timm_hrnet_w18_imagenet_11,apache-2.0
401,timm_hrnet_w18_small_imagenet_11,apache-2.0
402,timm_hrnet_w18_small_v2_imagenet_11,apache-2.0
403,timm_hrnet_w30_imagenet_11,apache-2.0
404,timm_hrnet_w32_imagenet_11,apache-2.0
405,timm_hrnet_w40_imagenet_11,apache-2.0
406,timm_hrnet_w44_imagenet_11,apache-2.0
407,timm_hrnet_w48_imagenet_11,apache-2.0
408,timm_hrnet_w64_imagenet_11,apache-2.0
409,timm_inception_resnet_v2_imagenet_11,apache-2.0
410,timm_inception_v4_imagenet_11,apache-2.0
411,timm_legacy_senet154_imagenet_11,apache-2.0
412,timm_legacy_seresnet18_imagenet_11,apache-2.0
413,timm_legacy_seresnet34_imagenet_11,apache-2.0
414,timm_legacy_seresnet50_imagenet_11,apache-2.0
415,timm_legacy_seresnet101_imagenet_11,apache-2.0
416,timm_legacy_seresnet152_imagenet_11,apache-2.0
417,timm_legacy_seresnext26_32x4d_imagenet_11,apache-2.0
418,timm_legacy_seresnext50_32x4d_imagenet_11,apache-2.0
419,timm_legacy_seresnext101_32x4d_imagenet_11,apache-2.0
420,timm_mixnet_l_imagenet_11,apache-2.0
421,timm_mixnet_m_imagenet_11,apache-2.0
422,timm_mixnet_s_imagenet_11,apache-2.0
423,timm_mixnet_xl_imagenet_11,apache-2.0
424,timm_mnasnet_100_imagenet_11,apache-2.0
425,timm_mobilenetv2_100_imagenet_11,apache-2.0
426,timm_mobilenetv2_110d_imagenet_11,apache-2.0
427,timm_mobilenetv2_120d_imagenet_11,apache-2.0
428,timm_mobilenetv2_140_imagenet_11,apache-2.0
429,timm_mobilenetv3_large_100_imagenet_11,apache-2.0
430,timm_mobilenetv3_large_100_miil_imagenet_11,apache-2.0
431,timm_mobilenetv3_large_100_miil_in21k_imagenet21k_p_11,apache-2.0
432,timm_mobilenetv3_rw_imagenet_11,apache-2.0
433,timm_nasnetalarge_imagenet_11,apache-2.0
434,timm_pit_b_224_imagenet_11,apache-2.0
435,timm_pit_b_distilled_224_imagenet_11,apache-2.0
436,timm_pit_s_224_imagenet_11,apache-2.0
437,timm_pit_s_distilled_224_imagenet_11,apache-2.0
438,timm_pit_ti_224_imagenet_11,apache-2.0
439,timm_pit_ti_distilled_224_imagenet_11,apache-2.0
440,timm_pit_xs_224_imagenet_11,apache-2.0
441,timm_pit_xs_distilled_224_imagenet_11,apache-2.0
442,timm_pnasnet5large_imagenet_11,apache-2.0
443,timm_regnetx_002_imagenet_11,apache-2.0
444,timm_regnetx_004_imagenet_11,apache-2.0
445,timm_regnetx_006_imagenet_11,apache-2.0
446,timm_regnetx_008_imagenet_11,apache-2.0
447,timm_regnetx_016_imagenet_11,apache-2.0
448,timm_regnetx_032_imagenet_11,apache-2.0
449,timm_regnetx_040_imagenet_11,apache-2.0
450,timm_regnetx_064_imagenet_11,apache-2.0
451,timm_regnetx_080_imagenet_11,apache-2.0
452,timm_regnetx_120_imagenet_11,apache-2.0
453,timm_regnetx_160_imagenet_11,apache-2.0
454,timm_regnetx_320_imagenet_11,apache-2.0
455,timm_regnety_002_imagenet_11,apache-2.0
456,timm_regnety_004_imagenet_11,apache-2.0
457,timm_regnety_006_imagenet_11,apache-2.0
458,timm_regnety_008_imagenet_11,apache-2.0
459,timm_regnety_016_imagenet_11,apache-2.0
460,timm_regnety_032_imagenet_11,apache-2.0
461,timm_regnety_040_imagenet_11,apache-2.0
462,timm_regnety_064_imagenet_11,apache-2.0
463,timm_regnety_080_imagenet_11,apache-2.0
464,timm_regnety_120_imagenet_11,apache-2.0
465,timm_regnety_160_imagenet_11,apache-2.0
466,timm_regnety_320_imagenet_11,apache-2.0
467,timm_repvgg_a2_imagenet_11,apache-2.0
468,timm_repvgg_b0_imagenet_11,apache-2.0
469,timm_repvgg_b1_imagenet_11,apache-2.0
470,timm_repvgg_b1g4_imagenet_11,apache-2.0
471,timm_repvgg_b2_imagenet_11,apache-2.0
472,timm_repvgg_b2g4_imagenet_11,apache-2.0
473,timm_repvgg_b3_imagenet_11,apache-2.0
474,timm_repvgg_b3g4_imagenet_11,apache-2.0
475,timm_res2net50_14w_8s_imagenet_11,apache-2.0
476,timm_res2net50_26w_4s_imagenet_11,apache-2.0
477,timm_res2net50_26w_6s_imagenet_11,apache-2.0
478,timm_res2net50_26w_8s_imagenet_11,apache-2.0
479,timm_res2net50_48w_2s_imagenet_11,apache-2.0
480,timm_res2net101_26w_4s_imagenet_11,apache-2.0
481,timm_res2next50_imagenet_11,apache-2.0
482,timm_resnest14d_imagenet_11,apache-2.0
483,timm_resnest26d_imagenet_11,apache-2.0
484,timm_resnest50d_imagenet_11,apache-2.0
485,timm_resnest50d_1s4x24d_imagenet_11,apache-2.0
486,timm_resnest50d_4s2x40d_imagenet_11,apache-2.0
487,timm_resnest101e_imagenet_11,apache-2.0
488,timm_resnest200e_imagenet_11,apache-2.0
489,timm_resnest269e_imagenet_11,apache-2.0
490,timm_resnet18d_imagenet_11,apache-2.0
491,timm_resnet26_imagenet_11,apache-2.0
492,timm_resnet26d_imagenet_11,apache-2.0
493,timm_resnet34_imagenet_11,apache-2.0
494,timm_resnet34d_imagenet_11,apache-2.0
495,timm_resnet50_imagenet_11,apache-2.0
496,timm_resnet50d_imagenet_11,apache-2.0
497,timm_resnet51q_imagenet_11,apache-2.0
498,timm_resnet101d_imagenet_11,apache-2.0
499,timm_resnet152d_imagenet_11,apache-2.0
500,timm_resnet200d_imagenet_11,apache-2.0
501,timm_resnetblur50_imagenet_11,apache-2.0
502,timm_resnetrs50_imagenet_11,apache-2.0
503,timm_resnetrs101_imagenet_11,apache-2.0
504,timm_resnetrs152_imagenet_11,apache-2.0
505,timm_resnetrs200_imagenet_11,apache-2.0
506,timm_resnetrs270_imagenet_11,apache-2.0
507,timm_resnetrs350_imagenet_11,apache-2.0
508,timm_resnetrs420_imagenet_11,apache-2.0
509,timm_resnext50_32x4d_imagenet_11,apache-2.0
510,timm_resnext50d_32x4d_imagenet_11,apache-2.0
511,timm_rexnet_100_imagenet_11,apache-2.0
512,timm_rexnet_130_imagenet_11,apache-2.0
513,timm_rexnet_150_imagenet_11,apache-2.0
514,timm_rexnet_200_imagenet_11,apache-2.0
515,timm_selecsls42b_imagenet_11,apache-2.0
516,timm_selecsls60_imagenet_11,apache-2.0
517,timm_selecsls60b_imagenet_11,apache-2.0
518,timm_semnasnet_100_imagenet_11,apache-2.0
519,timm_seresnet50_imagenet_11,apache-2.0
520,timm_seresnet152d_imagenet_11,apache-2.0
521,timm_seresnext26d_32x4d_imagenet_11,apache-2.0
522,timm_seresnext26t_32x4d_imagenet_11,apache-2.0
523,timm_seresnext50_32x4d_imagenet_11,apache-2.0
524,timm_skresnet18_imagenet_11,apache-2.0
525,timm_skresnet34_imagenet_11,apache-2.0
526,timm_skresnext50_32x4d_imagenet_11,apache-2.0
527,timm_spnasnet_100_imagenet_11,apache-2.0
528,timm_ssl_resnet18_imagenet_11,apache-2.0
529,timm_ssl_resnet50_imagenet_11,apache-2.0
530,timm_ssl_resnext50_32x4d_imagenet_11,apache-2.0
531,timm_ssl_resnext101_32x4d_imagenet_11,apache-2.0
532,timm_ssl_resnext101_32x8d_imagenet_11,apache-2.0
533,timm_ssl_resnext101_32x16d_imagenet_11,apache-2.0
534,timm_swsl_resnet18_imagenet_11,apache-2.0
535,timm_swsl_resnet50_imagenet_11,apache-2.0
536,timm_swsl_resnext50_32x4d_imagenet_11,apache-2.0
537,timm_swsl_resnext101_32x4d_imagenet_11,apache-2.0
538,timm_swsl_resnext101_32x8d_imagenet_11,apache-2.0
539,timm_swsl_resnext101_32x16d_imagenet_11,apache-2.0
540,timm_tf_efficientnet_b0_imagenet_11,apache-2.0
541,timm_tf_efficientnet_b0_ap_imagenet_11,apache-2.0
542,timm_tf_efficientnet_b0_ns_imagenet_11,apache-2.0
543,timm_tf_efficientnet_b1_imagenet_11,apache-2.0
544,timm_tf_efficientnet_b1_ap_imagenet_11,apache-2.0
545,timm_tf_efficientnet_b1_ns_imagenet_11,apache-2.0
546,timm_tf_efficientnet_b2_imagenet_11,apache-2.0
547,timm_tf_efficientnet_b2_ap_imagenet_11,apache-2.0
548,timm_tf_efficientnet_b2_ns_imagenet_11,apache-2.0
549,timm_tf_efficientnet_b3_imagenet_11,apache-2.0
550,timm_tf_efficientnet_b3_ap_imagenet_11,apache-2.0
551,timm_tf_efficientnet_b3_ns_imagenet_11,apache-2.0
552,timm_tf_efficientnet_b4_imagenet_11,apache-2.0
553,timm_tf_efficientnet_b4_ap_imagenet_11,apache-2.0
554,timm_tf_efficientnet_b4_ns_imagenet_11,apache-2.0
555,timm_tf_efficientnet_b5_imagenet_11,apache-2.0
556,timm_tf_efficientnet_b5_ap_imagenet_11,apache-2.0
557,timm_tf_efficientnet_b5_ns_imagenet_11,apache-2.0
558,timm_tf_efficientnet_b6_imagenet_11,apache-2.0
559,timm_tf_efficientnet_b6_ap_imagenet_11,apache-2.0
560,timm_tf_efficientnet_b6_ns_imagenet_11,apache-2.0
561,timm_tf_efficientnet_b7_imagenet_11,apache-2.0
562,timm_tf_efficientnet_b7_ap_imagenet_11,apache-2.0
563,timm_tf_efficientnet_b7_ns_imagenet_11,apache-2.0
564,timm_tf_efficientnet_b8_imagenet_11,apache-2.0
565,timm_tf_efficientnet_b8_ap_imagenet_11,apache-2.0
566,timm_tf_efficientnet_el_imagenet_11,apache-2.0
567,timm_tf_efficientnet_em_imagenet_11,apache-2.0
568,timm_tf_efficientnet_es_imagenet_11,apache-2.0
569,timm_tf_efficientnet_l2_ns_imagenet_11,apache-2.0
570,timm_tf_efficientnet_l2_ns_475_imagenet_11,apache-2.0
571,timm_tf_efficientnet_lite0_imagenet_11,apache-2.0
572,timm_tf_efficientnet_lite1_imagenet_11,apache-2.0
573,timm_tf_efficientnet_lite2_imagenet_11,apache-2.0
574,timm_tf_efficientnet_lite3_imagenet_11,apache-2.0
575,timm_tf_efficientnet_lite4_imagenet_11,apache-2.0
576,timm_tf_efficientnetv2_b0_imagenet_11,apache-2.0
577,timm_tf_efficientnetv2_b1_imagenet_11,apache-2.0
578,timm_tf_efficientnetv2_b2_imagenet_11,apache-2.0
579,timm_tf_efficientnetv2_b3_imagenet_11,apache-2.0
580,timm_tf_efficientnetv2_l_imagenet_11,apache-2.0
581,timm_tf_efficientnetv2_l_in21ft1k_imagenet_11,apache-2.0
582,timm_tf_efficientnetv2_l_in21k_imagenet21k_e_11,apache-2.0
583,timm_tf_efficientnetv2_m_imagenet_11,apache-2.0
584,timm_tf_efficientnetv2_m_in21ft1k_imagenet_11,apache-2.0
585,timm_tf_efficientnetv2_m_in21k_imagenet21k_e_11,apache-2.0
586,timm_tf_efficientnetv2_s_imagenet_11,apache-2.0
587,timm_tf_efficientnetv2_s_in21ft1k_imagenet_11,apache-2.0
588,timm_tf_efficientnetv2_s_in21k_imagenet21k_e_11,apache-2.0
589,timm_tf_inception_v3_imagenet_11,apache-2.0
590,timm_tf_mixnet_l_imagenet_11,apache-2.0
591,timm_tf_mixnet_m_imagenet_11,apache-2.0
592,timm_tf_mixnet_s_imagenet_11,apache-2.0
593,timm_tf_mobilenetv3_large_075_imagenet_11,apache-2.0
594,timm_tf_mobilenetv3_large_100_imagenet_11,apache-2.0
595,timm_tf_mobilenetv3_large_minimal_100_imagenet_11,apache-2.0
596,timm_tf_mobilenetv3_small_075_imagenet_11,apache-2.0
597,timm_tf_mobilenetv3_small_100_imagenet_11,apache-2.0
598,timm_tf_mobilenetv3_small_minimal_100_imagenet_11,apache-2.0
599,timm_twins_pcpvt_base_imagenet_11,apache-2.0
600,timm_twins_pcpvt_large_imagenet_11,apache-2.0
601,timm_twins_pcpvt_small_imagenet_11,apache-2.0
602,timm_twins_svt_base_imagenet_11,apache-2.0
603,timm_twins_svt_large_imagenet_11,apache-2.0
604,timm_twins_svt_small_imagenet_11,apache-2.0
605,timm_visformer_small_imagenet_11,apache-2.0
606,timm_wide_resnet50_2_imagenet_11,apache-2.0
607,timm_xception_imagenet_11,apache-2.0
608,timm_xception41_imagenet_11,apache-2.0
609,timm_xception65_imagenet_11,apache-2.0
610,timm_xception71_imagenet_11,apache-2.0
611,robustbench_andriushchenko2020understanding_linf_cifar10_11,custom
612,robustbench_carmon2019unlabeled_linf_cifar10_11,custom
613,robustbench_sehwag2020hydra_linf_cifar10_11,custom
614,robustbench_wang2020improving_linf_cifar10_11,custom
615,robustbench_hendrycks2019using_linf_cifar10_11,custom
616,robustbench_rice2020overfitting_linf_cifar10_11,custom
617,robustbench_zhang2019theoretically_linf_cifar10_11,custom
618,robustbench_engstrom2019robustness_linf_cifar10_11,custom
619,robustbench_chen2020adversarial_linf_cifar10_11,custom
620,robustbench_huang2020self_linf_cifar10_11,custom
621,robustbench_pang2020boosting_linf_cifar10_11,custom
622,robustbench_wong2020fast_linf_cifar10_11,custom
623,robustbench_ding2020mma_linf_cifar10_11,custom
624,robustbench_zhang2019you_linf_cifar10_11,custom
625,robustbench_zhang2020attacks_linf_cifar10_11,custom
626,robustbench_wu2020adversarial_extra_linf_cifar10_11,custom
627,robustbench_wu2020adversarial_linf_cifar10_11,custom
628,robustbench_gowal2020uncovering_70_16_linf_cifar10_11,custom
629,robustbench_gowal2020uncovering_70_16_extra_linf_cifar10_11,custom
630,robustbench_gowal2020uncovering_34_20_linf_cifar10_11,custom
631,robustbench_gowal2020uncovering_28_10_extra_linf_cifar10_11,custom
632,robustbench_sehwag2021proxy_linf_cifar10_11,custom
633,robustbench_sehwag2021proxy_r18_linf_cifar10_11,custom
634,robustbench_sitawarin2020improving_linf_cifar10_11,custom
635,robustbench_chen2020efficient_linf_cifar10_11,custom
636,robustbench_cui2020learnable_34_20_linf_cifar10_11,custom
637,robustbench_cui2020learnable_34_10_linf_cifar10_11,custom
638,robustbench_zhang2020geometry_linf_cifar10_11,custom
639,robustbench_rebuffi2021fixing_28_10_cutmix_ddpm_linf_cifar10_11,custom
640,robustbench_rebuffi2021fixing_106_16_cutmix_ddpm_linf_cifar10_11,custom
641,robustbench_rebuffi2021fixing_70_16_cutmix_ddpm_linf_cifar10_11,custom
642,robustbench_rebuffi2021fixing_70_16_cutmix_extra_linf_cifar10_11,custom
643,robustbench_sridhar2021robust_linf_cifar10_11,custom
644,robustbench_sridhar2021robust_34_15_linf_cifar10_11,custom
645,robustbench_rebuffi2021fixing_r18_ddpm_linf_cifar10_11,custom
646,robustbench_rade2021helper_r18_extra_linf_cifar10_11,custom
647,robustbench_rade2021helper_r18_ddpm_linf_cifar10_11,custom
648,robustbench_rade2021helper_extra_linf_cifar10_11,custom
649,robustbench_rade2021helper_ddpm_linf_cifar10_11,custom
650,robustbench_huang2021exploring_linf_cifar10_11,custom
651,robustbench_huang2021exploring_ema_linf_cifar10_11,custom
652,robustbench_addepalli2021towards_rn18_linf_cifar10_11,custom
653,robustbench_augustin2020adversarial_l2_cifar10_11,custom
654,robustbench_engstrom2019robustness_l2_cifar10_11,custom
655,robustbench_rice2020overfitting_l2_cifar10_11,custom
656,robustbench_rony2019decoupling_l2_cifar10_11,custom
657,robustbench_ding2020mma_l2_cifar10_11,custom
658,robustbench_wu2020adversarial_l2_cifar10_11,custom
659,robustbench_gowal2020uncovering_l2_cifar10_11,custom
660,robustbench_gowal2020uncovering_extra_l2_cifar10_11,custom
661,robustbench_sehwag2021proxy_l2_cifar10_11,custom
662,robustbench_sehwag2021proxy_r18_l2_cifar10_11,custom
663,robustbench_rebuffi2021fixing_70_16_cutmix_ddpm_l2_cifar10_11,custom
664,robustbench_rebuffi2021fixing_28_10_cutmix_ddpm_l2_cifar10_11,custom
665,robustbench_rebuffi2021fixing_70_16_cutmix_extra_l2_cifar10_11,custom
666,robustbench_augustin2020adversarial_34_10_l2_cifar10_11,custom
667,robustbench_augustin2020adversarial_34_10_extra_l2_cifar10_11,custom
668,robustbench_rebuffi2021fixing_r18_cutmix_ddpm_l2_cifar10_11,custom
669,robustbench_hendrycks2020augmix_wrn_corruptions_cifar10_11,custom
670,robustbench_hendrycks2020augmix_resnext_corruptions_cifar10_11,custom
671,robustbench_kireev2021effectiveness_gauss50percent_corruptions_cifar10_11,custom
672,robustbench_kireev2021effectiveness_augmixnojsd_corruptions_cifar10_11,custom
673,robustbench_kireev2021effectiveness_rlat_corruptions_cifar10_11,custom
674,robustbench_kireev2021effectiveness_rlataugmixnojsd_corruptions_cifar10_11,custom
675,robustbench_kireev2021effectiveness_rlataugmix_corruptions_cifar10_11,custom
676,robustbench_gowal2020uncovering_extra_linf_cifar100_11,custom
677,robustbench_cui2020learnable_34_20_lbgat6_linf_cifar100_11,custom
678,robustbench_cui2020learnable_34_10_lbgat6_linf_cifar100_11,custom
679,robustbench_chen2020efficient_linf_cifar100_11,custom
680,robustbench_wu2020adversarial_linf_cifar100_11,custom
681,robustbench_sitawarin2020improving_linf_cifar100_11,custom
682,robustbench_hendrycks2019using_linf_cifar100_11,custom
683,robustbench_rice2020overfitting_linf_cifar100_11,custom
684,robustbench_rebuffi2021fixing_70_16_cutmix_ddpm_linf_cifar100_11,custom
685,robustbench_rebuffi2021fixing_28_10_cutmix_ddpm_linf_cifar100_11,custom
686,robustbench_rebuffi2021fixing_r18_ddpm_linf_cifar100_11,custom
687,robustbench_rade2021helper_r18_ddpm_linf_cifar100_11,custom
688,robustbench_addepalli2021towards_parn18_linf_cifar100_11,custom
689,robustbench_addepalli2021towards_wrn34_linf_cifar100_11,custom
690,robustbench_diffenderfer2021winning_lrr_corruptions_cifar100_11,custom
691,robustbench_diffenderfer2021winning_binary_corruptions_cifar100_11,custom
692,robustbench_gowal2020uncovering_linf_corruptions_cifar100_11,custom
693,robustbench_gowal2020uncovering_extra_linf_corruptions_cifar100_11,custom
694,robustbench_hendrycks2020augmix_wrn_corruptions_cifar100_11,custom
695,robustbench_hendrycks2020augmix_resnext_corruptions_cifar100_11,custom
696,robustbench_addepalli2021towards_parn18_corruptions_cifar100_11,custom
697,robustbench_addepalli2021towards_wrn34_corruptions_cifar100_11,custom
698,robustbench_wong2020fast_linf_imagenet_11,custom
699,robustbench_engstrom2019robustness_linf_imagenet_11,custom
700,robustbench_salman2020do_r50_linf_imagenet_11,custom
701,robustbench_salman2020do_r18_linf_imagenet_11,custom
702,robustbench_salman2020do_50_2_linf_imagenet_11,custom
703,robustbench_geirhos2018_sin_corruptions_imagenet_11,custom
704,robustbench_geirhos2018_sin_in_corruptions_imagenet_11,custom
705,robustbench_hendrycks2020many_corruptions_imagenet_11,custom
706,robustbench_hendrycks2020augmix_corruptions_imagenet_11,custom
707,robustbench_salman2020do_50_2_linf_corruptions_imagenet_11,custom
708,semcolour_semcolourful_11,mit
709,midas_redweb_diml_movies_megadepth_wsvd_tartanair_hrwsi_apolloscape_blendedmvs_irs_11,mit
710,midas_small_redweb_diml_movies_megadepth_wsvd_tartanair_hrwsi_apolloscape_blendedmvs_irs_11,mit
711,version-RFB-320,mit
712,,mit
713,,mit
714,,mit
715,,mit
716,,mit
717,gender_googlenet,apache-2.0
718,vgg_ilsvrc_16_age_chalearn_iccv2015,apache-2.0
719,vgg_ilsvrc_16_age_imdb_wiki,apache-2.0
720,arcfaceresnet100-8,apache-2.0
721,,mit
722,,custom
723,,
724,,custom
725,,apache-2.0
726,,apache-2.0
727,,apache-2.0
728,,apache-2.0
729,,apache-2.0
730,,mit
731,,mit
732,,mit
733,,mit
734,,mit
735,,mit
736,,custom
737,,custom
738,,custom
739,,custom
740,,custom
741,,custom
742,,custom
743,,custom
744,,custom
745,,custom
746,,custom
747,,custom
748,,custom
749,,custom
750,,custom
751,,custom
752,,custom
753,,custom
754,,custom
755,,custom
756,,custom
757,,custom
758,,custom
759,,custom
760,,custom
761,,custom
762,,custom
763,,custom
764,,custom
765,,custom
766,,custom
767,,custom
768,,custom
769,,custom
770,,custom
771,,custom
772,starnet_RGB_gan_d_prop_9,custom
773,starnet_Greyscale_gan_d_prop_9,custom
774,pgan_celebahq_256_disc_11,bsd-3-clause
775,pgan_celebahq_512_disc_11,bsd-3-clause
776,pgan_celeba_cropped_disc_11,bsd-3-clause
777,pgan_dtd_disc_11,bsd-3-clause
778,dcgan_fashiongencloth_disc_11,bsd-3-clause
779,stylegan_flickerhq_1024_disc_11,bsd-3-clause
780,pix2pix_edges2shoes_g_11,custom
781,cyclegan_monet2photo_g_11,custom
782,stackganv2_imagenet_11,mit
783,starnet_RGB_gan_g_prop_9,custom
784,starnet_Greyscale_gan_g_prop_9,custom
785,pix2pix_sat2map_g_11,custom
786,pix2pix_map2sat_g_11,custom
787,pix2pix_day2night_g_11,custom
788,pix2pix_edges2handbags_g_11,custom
789,pix2pix_facades_label2photo_g_11,custom
790,cyclegan_orange2apple_g_11,custom
791,cyclegan_apple2orange_g_11,custom
792,cyclegan_horse2zebra_g_11,custom
793,cyclegan_zebra2horse_g_11,custom
794,cyclegan_style_monet_g_11,custom
795,cyclegan_style_vangogh_g_11,custom
796,cyclegan_style_cezanne_g_11,custom
797,cyclegan_style_ukiyoe_g_11,custom
798,cyclegan_cityscapes_photo2label_g_11,custom
799,cyclegan_cityscapes_label2photo_g_11,custom
800,cyclegan_map2sat_g_11,custom
801,cyclegan_sat2map_g_11,custom
802,cyclegan_iphone2dslr_flower_g_11,custom
803,cyclegan_winter2summer_yosemite_g_11,custom
804,cyclegan_summer2winter_yosemite_g_11,custom
805,cyclegan_facades_photo2label_g_11,custom
806,cyclegan_facades_label2photo_g_11,custom
807,pgan_celebahq_256_gen_11,bsd-3-clause
808,pgan_celebahq_512_gen_11,bsd-3-clause
809,pgan_celeba_cropped_gen_11,bsd-3-clause
810,pgan_dtd_gen_11,bsd-3-clause
811,dcgan_fashiongencloth_gen_11,bsd-3-clause
812,stylegan_flickerhq_1024_gen_11,bsd-3-clause
813,,apache-2.0
814,,apache-2.0
815,,apache-2.0
816,,apache-2.0
817,,apache-2.0
818,,mit
819,,apache-2.0
820,,apache-2.0
821,,
822,ssd_mobilenet_v1_10,apache-2.0
823,version-RFB-640,apache-2.0
824,mediapipe_face_detection_front_proprietary_11,apache-2.0
825,yolov5m_v40_coco2017_12,gpl-3.0
826,,mit
827,,
828,taskconditioned_kaist_11,mit
829,,custom
830,,custom
831,,custom
832,,custom
833,,apache-2.0
834,,apache-2.0
835,,apache-2.0
836,,apache-2.0
837,tinyyolov2-8,apache-2.0
838,ssd-10,apache-2.0
839,FasterRCNN-10,apache-2.0
840,retinanet-9,apache-2.0
841,yolov2-coco-9,apache-2.0
842,yolov3-10,apache-2.0
843,tiny-yolov3-11,apache-2.0
844,yolov4,apache-2.0
845,,apache-2.0
846,,apache-2.0
847,,apache-2.0
848,,apache-2.0
849,,
850,,custom
851,yolov5s_v40_coco2017_12,gpl-3.0
852,yolov5l_v40_coco2017_12,gpl-3.0
853,yolov5x_v40_coco2017_12,gpl-3.0
854,facebook_detr_resnet_50_coco2017_12,apache-2.0
855,facebook_detr_resnet_50_dc5_coco2017_12,apache-2.0
856,MaskRCNN-10,apache-2.0
857,,apache-2.0
858,,apache-2.0
859,facebook_detr_resnet_50_panoptic_coco2017_12,apache-2.0
860,facebook_detr_resnet_50_dc5_panoptic_coco2017_12,apache-2.0
861,seismicdeeplearning_dutchf3_seresnetunet_patch_section_depth_11,mit
862,compnet_weights_sagittal_improvement_09_NITRC_IITmean_b0_256_12,custom
863,,
864,,mit
865,,mit
866,,mit
867,,mit
868,,
869,seismicdeeplearning_penobscot_hrnet_patch_section_depth_11,mit
870,seismicdeeplearning_dutchf3_hrnet_patch_section_depth_11,mit
871,seismicdeeplearning_dutchf3_hrnet_patch_patch_depth_11,mit
872,,mit
873,,mit
874,compnet_weights_coronal_improvement_08_NITRC_IITmean_b0_256_12,custom
875,compnet_weights_axial_improvement_08_NITRC_IITmean_b0_256_12,custom
876,unet_lgg_mri_segmentation_11,mit
877,lungmask_unet_LTRCLobes_11,apache-2.0
878,lungmask_unet_R231_11,apache-2.0
879,lungmask_unet_R231CovidWeb_11,apache-2.0
880,,apache-2.0
881,,bsd-3-clause
882,pytorchencoding_deeplab_resnest50_pcontext_11,mit
883,pytorchencoding_fcn_resnest50_ade_11,mit
884,unet_carvana_carvana_11,gpl-3.0
885,torchseg_pspnet_R101_v1c_ade_11,mit
886,torchseg_dfn_R101_v1c_voc_11,mit
887,,bsd-3-clause
888,,bsd-3-clause
889,,bsd-3-clause
890,,bsd-3-clause
891,,bsd-3-clause
892,,mit
893,,mit
894,,mit
895,,mit
896,,mit
897,,mit
898,,mit
899,,mit
900,,mit
901,,mit
902,,mit
903,,mit
904,,mit
905,,mit
906,,mit
907,,mit
908,,mit
909,,mit
910,,mit
911,,mit
912,,apache-2.0
913,,apache-2.0
914,ResNet101-DUC-7,apache-2.0
915,pytorchencoding_fcn_resnet50s_ade_11,mit
916,pytorchencoding_deeplab_resnest50_ade_11,mit
917,pytorchencoding_deeplab_resnest101_ade_11,mit
918,pytorchencoding_deeplab_resnest200_ade_11,mit
919,pytorchencoding_deeplab_resnest269_ade_11,mit
920,pytorchencoding_fcn_resnest50_pcontext_11,mit
921,pytorchencoding_deeplab_resnest101_pcontext_11,mit
922,pytorchencoding_deeplab_resnest200_pcontext_11,mit
923,pytorchencoding_deeplab_resnest269_pcontext_11,mit
924,candy-9,apache-2.0
925,mosaic-9,apache-2.0
926,rain-princess-9,apache-2.0
927,udnie-9,apache-2.0
928,pointilism-9,apache-2.0
929,super-resolution-10,apache-2.0
930,realesrganx2_custom_11,
931,realesrganx4_custom_11,
932,realesrganx8_custom_11,
933,,
934,,apache-2.0
935,,custom
936,,custom
937,,custom
