,name,random_successful,error_random,image_successful,error_image
0,unet_carvana_carvana_11,True,NaN,True,NaN
1,agripredict_disease_classification_prop_11,True,NaN,True,NaN
2,tinynet_c_imagenet_11,True,NaN,True,NaN
3,pix2pix_map2sat_g_11,True,NaN,True,NaN
4,cyclegan_apple2orange_g_11,True,NaN,True,NaN
5,pytorchencoding_deeplab_resnest200_ade_11,True,NaN,True,NaN
6,compnet_weights_axial_improvement_08_NITRC_IITmean_b0_256_12,True,NaN,True,NaN
7,pgan_celeba_cropped_gen_11,True,NaN,True,NaN
8,cyclegan_cityscapes_label2photo_g_11,True,NaN,True,NaN
9,pytorchencoding_fcn_resnest50_pcontext_11,True,NaN,True,NaN
10,realesrganx4_custom_11,True,NaN,True,NaN
11,pgan_celebahq_512_disc_11,True,NaN,True,NaN
12,pgan_dtd_gen_11,True,NaN,True,NaN
13,pgan_celebahq_512_gen_11,True,NaN,True,NaN
14,torchseg_pspnet_R101_v1c_ade_11,True,NaN,True,NaN
15,facebook_detr_resnet_50_dc5_panoptic_coco2017_12,True,NaN,True,NaN
16,mealv2_mobilenet_v3_large_100_imagenet_11,True,NaN,True,NaN
17,torchseg_dfn_R101_v1c_voc_11,True,NaN,True,NaN
18,deit_base_patch16_384_imagenet_11,True,NaN,True,NaN
19,midas_small_redweb_diml_movies_megadepth_wsvd_tartanair_hrwsi_apolloscape_blendedmvs_irs_11,True,NaN,True,NaN
20,hardnet39ds_imagenet_11,True,NaN,True,NaN
21,cyclegan_sat2map_g_11,True,NaN,True,NaN
22,deit_base_patch16_224_imagenet_11,True,NaN,True,NaN
23,cyclegan_map2sat_g_11,True,NaN,True,NaN
24,tinynet_a_imagenet_11,True,NaN,True,NaN
25,mealv2_mobilenetv3_small_075_imagenet_11,True,NaN,True,NaN
26,mealv2_efficientnet_b0_imagenet_11,True,NaN,True,NaN
27,tinynet_e_imagenet_11,True,NaN,True,NaN
28,realesrganx2_custom_11,True,NaN,True,NaN
29,ukbiobank_deep_brain_age_ukbiobank_11,True,NaN,True,NaN
30,tinynet_d_imagenet_11,True,NaN,True,NaN
31,ukbiobank_deep_sex_prediction_ukbiobank_11,True,NaN,True,NaN
32,pytorchencoding_deeplab_resnest101_ade_11,True,NaN,True,NaN
33,lungmask_unet_R231CovidWeb_11,True,NaN,True,NaN
34,mealv1_resnest50_imagenet_11,True,NaN,True,NaN
35,stylegan_flickerhq_1024_gen_11,True,NaN,True,NaN
36,starnet_RGB_gan_g_prop_9,True,NaN,True,NaN
37,ghostnet_1x_imagenet_11,True,NaN,True,NaN
38,mealv2_resnest50_380x380_imagenet_11,True,NaN,True,NaN
39,cyclegan_facades_label2photo_g_11,True,NaN,True,NaN
40,hardnet68ds_imagenet_11,True,NaN,True,NaN
41,pytorchencoding_fcn_resnet50s_ade_11,True,NaN,True,NaN
42,taskconditioned_kaist_11,True,NaN,True,NaN
43,seismicdeeplearning_dutchf3_hrnet_patch_patch_depth_11,True,NaN,True,NaN
44,pgan_dtd_disc_11,True,NaN,True,NaN
45,pix2pix_facades_label2photo_g_11,True,NaN,True,NaN
46,pix2pix_sat2map_g_11,True,NaN,True,NaN
47,cyclegan_summer2winter_yosemite_g_11,True,NaN,True,NaN
48,facebook_detr_resnet_50_dc5_coco2017_12,True,NaN,True,NaN
49,pytorchencoding_deeplab_resnest269_pcontext_11,True,NaN,True,NaN
50,deit_small_patch16_224_imagenet_11,True,NaN,True,NaN
51,tinynet_b_imagenet_11,True,NaN,True,NaN
52,compnet_weights_coronal_improvement_08_NITRC_IITmean_b0_256_12,True,NaN,True,NaN
53,cyclegan_style_monet_g_11,True,NaN,True,NaN
54,realesrganx8_custom_11,True,NaN,True,NaN
55,resnet18_places365_11,True,NaN,True,NaN
56,resnet50_fractalDB10k_11,True,NaN,True,NaN
57,resnet50_fractalDB1k_11,True,NaN,True,NaN
58,deit_tiny_patch16_224_imagenet_11,True,NaN,True,NaN
59,pix2pix_edges2handbags_g_11,True,NaN,True,NaN
60,lungmask_unet_R231_11,True,NaN,True,NaN
61,yolov5s_v40_coco2017_12,True,NaN,True,NaN
62,lungmask_unet_LTRCLobes_11,True,NaN,True,NaN
63,stylegan_flickerhq_1024_disc_11,True,NaN,True,NaN
64,pgan_celebahq_256_disc_11,True,NaN,True,NaN
65,mealv2_resnest50_cutmix_imagenet_11,True,NaN,True,NaN
66,hardnet68_imagenet_11,True,NaN,True,NaN
67,stackganv2_imagenet_11,True,NaN,True,NaN
68,pytorchencoding_deeplab_resnest50_pcontext_11,True,NaN,True,NaN
69,densenet161_places365_11,True,NaN,True,NaN
70,pix2pix_edges2shoes_g_11,True,NaN,True,NaN
71,deit_base_distilled_patch16_384_imagenet_11,True,NaN,True,NaN
72,seismicdeeplearning_penobscot_hrnet_patch_section_depth_11,True,NaN,True,NaN
73,starnet_Greyscale_gan_d_prop_9,True,NaN,True,NaN
74,starnet_Greyscale_gan_g_prop_9,True,NaN,True,NaN
75,unet_lgg_mri_segmentation_11,True,NaN,True,NaN
76,mealv2_mobilenetv3_small_100_imagenet_11,True,NaN,True,NaN
77,yolov5m_v40_coco2017_12,True,NaN,True,NaN
78,pytorchencoding_deeplab_resnest101_pcontext_11,True,NaN,True,NaN
79,alexnet_places365_11,True,NaN,True,NaN
80,cyclegan_orange2apple_g_11,True,NaN,True,NaN
81,dcgan_fashiongencloth_disc_11,True,NaN,True,NaN
82,cyclegan_style_cezanne_g_11,True,NaN,True,NaN
83,hardnet85_imagenet_11,True,NaN,True,NaN
84,cyclegan_iphone2dslr_flower_g_11,True,NaN,True,NaN
85,cyclegan_facades_photo2label_g_11,True,NaN,True,NaN
86,seismicdeeplearning_dutchf3_seresnetunet_patch_section_depth_11,True,NaN,True,NaN
87,dcgan_fashiongencloth_gen_11,True,NaN,True,NaN
88,pytorchencoding_deeplab_resnest269_ade_11,True,NaN,True,NaN
89,yolov5x_v40_coco2017_12,True,NaN,True,NaN
90,pytorchencoding_fcn_resnest50_ade_11,True,NaN,True,NaN
91,seismicdeeplearning_dutchf3_hrnet_patch_section_depth_11,True,NaN,True,NaN
92,pytorchencoding_deeplab_resnest200_pcontext_11,True,NaN,True,NaN
93,cyclegan_zebra2horse_g_11,True,NaN,True,NaN
94,midas_redweb_diml_movies_megadepth_wsvd_tartanair_hrwsi_apolloscape_blendedmvs_irs_11,True,NaN,True,NaN
95,yolov5l_v40_coco2017_12,True,NaN,True,NaN
96,cyclegan_winter2summer_yosemite_g_11,True,NaN,True,NaN
97,compnet_weights_sagittal_improvement_09_NITRC_IITmean_b0_256_12,True,NaN,True,NaN
98,facebook_detr_resnet_50_coco2017_12,True,NaN,True,NaN
99,pgan_celebahq_256_gen_11,True,NaN,True,NaN
100,starnet_RGB_gan_d_prop_9,True,NaN,True,NaN
101,mediapipe_face_detection_front_proprietary_11,True,NaN,True,NaN
102,facebook_detr_resnet_50_panoptic_coco2017_12,True,NaN,True,NaN
103,pgan_celeba_cropped_disc_11,True,NaN,True,NaN
104,deit_base_distilled_patch16_224_imagenet_11,True,NaN,True,NaN
105,deit_small_distilled_patch16_224_imagenet_11,True,NaN,True,NaN
106,deit_tiny_distilled_patch16_224_imagenet_11,True,NaN,True,NaN
107,cyclegan_style_vangogh_g_11,True,NaN,True,NaN
108,pix2pix_day2night_g_11,True,NaN,True,NaN
109,cyclegan_monet2photo_g_11,True,NaN,True,NaN
110,cyclegan_style_ukiyoe_g_11,True,NaN,True,NaN
111,resnet50_places365_11,True,NaN,True,NaN
112,cyclegan_cityscapes_photo2label_g_11,True,NaN,True,NaN
113,pytorchencoding_deeplab_resnest50_ade_11,True,NaN,True,NaN
114,cyclegan_horse2zebra_g_11,True,NaN,True,NaN
115,mealv2_resnest50_imagenet_11,True,NaN,True,NaN
116,ntsnet_cub2002011_11,True,NaN,True,NaN
117,torchxrayvision_densenet121_nih_11,True,NaN,True,NaN
118,torchxrayvision_resnet101_elastic_ae_padchest_nih_chexpert_mimic_nb_mimic_ch_11,True,NaN,True,NaN
119,torchxrayvision_densenet121_mimic_nb_11,True,NaN,True,NaN
120,torchxrayvision_densenet121_kaggle_11,True,NaN,True,NaN
121,torchxrayvision_densenet121_pc_11,True,NaN,True,NaN
122,torchxrayvision_resnet50_512_all_11,True,NaN,True,NaN
123,torchxrayvision_densenet121_chex_11,True,NaN,True,NaN
124,torchxrayvision_densenet121_mimic_ch_11,True,NaN,True,NaN
125,torchxrayvision_densenet121_all_11,True,NaN,True,NaN
126,timm_tf_mobilenetv3_small_100_imagenet_11,True,NaN,True,NaN
127,timm_gluon_senet154_imagenet_11,True,NaN,True,NaN
128,timm_dpn68b_imagenet_11,True,NaN,True,NaN
129,timm_tf_efficientnet_el_imagenet_11,True,NaN,True,NaN
130,timm_efficientnet_es_pruned_imagenet_11,True,NaN,True,NaN
131,timm_tf_efficientnet_b6_ap_imagenet_11,True,NaN,True,NaN
132,timm_tf_efficientnet_b3_ap_imagenet_11,True,NaN,True,NaN
133,timm_tf_efficientnet_b7_ap_imagenet_11,True,NaN,True,NaN
134,timm_ecaresnet101d_pruned_imagenet_11,True,NaN,True,NaN
135,timm_tf_efficientnet_b6_imagenet_11,True,NaN,True,NaN
136,timm_visformer_small_imagenet_11,True,NaN,True,NaN
137,timm_hardcorenas_f_imagenet_11,True,NaN,True,NaN
138,timm_res2net50_14w_8s_imagenet_11,True,NaN,True,NaN
139,timm_tf_mixnet_s_imagenet_11,True,NaN,True,NaN
140,timm_hrnet_w40_imagenet_11,True,NaN,True,NaN
141,timm_resnext50d_32x4d_imagenet_11,True,NaN,True,NaN
142,timm_tf_efficientnet_lite1_imagenet_11,True,NaN,True,NaN
143,timm_regnetx_160_imagenet_11,True,NaN,True,NaN
144,timm_regnety_120_imagenet_11,True,NaN,True,NaN
145,timm_tf_mobilenetv3_large_minimal_100_imagenet_11,True,NaN,True,NaN
146,timm_gluon_resnet50_v1b_imagenet_11,True,NaN,True,NaN
147,timm_gernet_s_imagenet_11,True,NaN,True,NaN
148,timm_efficientnet_b2_imagenet_11,True,NaN,True,NaN
149,timm_tf_efficientnet_b8_ap_imagenet_11,True,NaN,True,NaN
150,timm_tf_mixnet_l_imagenet_11,True,NaN,True,NaN
151,timm_tf_efficientnetv2_l_in21k_imagenet21k_e_11,True,NaN,True,NaN
152,timm_regnety_040_imagenet_11,True,NaN,True,NaN
153,timm_rexnet_100_imagenet_11,True,NaN,True,NaN
154,timm_repvgg_b2_imagenet_11,True,NaN,True,NaN
155,timm_rexnet_200_imagenet_11,True,NaN,True,NaN
156,timm_xception65_imagenet_11,True,NaN,True,NaN
157,timm_hrnet_w18_imagenet_11,True,NaN,True,NaN
158,timm_gluon_resnet34_v1b_imagenet_11,True,NaN,True,NaN
159,timm_gluon_xception65_imagenet_11,True,NaN,True,NaN
160,timm_repvgg_b0_imagenet_11,True,NaN,True,NaN
161,timm_dla102_imagenet_11,True,NaN,True,NaN
162,timm_gluon_resnext50_32x4d_imagenet_11,True,NaN,True,NaN
163,timm_twins_svt_large_imagenet_11,True,NaN,True,NaN
164,timm_regnetx_320_imagenet_11,True,NaN,True,NaN
165,timm_tf_mobilenetv3_large_100_imagenet_11,True,NaN,True,NaN
166,timm_efficientnet_b1_imagenet_11,True,NaN,True,NaN
167,timm_efficientnetv2_rw_m_imagenet_11,True,NaN,True,NaN
168,timm_regnetx_120_imagenet_11,True,NaN,True,NaN
169,timm_resnest26d_imagenet_11,True,NaN,True,NaN
170,timm_repvgg_b3_imagenet_11,True,NaN,True,NaN
171,timm_repvgg_b1g4_imagenet_11,True,NaN,True,NaN
172,timm_regnetx_080_imagenet_11,True,NaN,True,NaN
173,timm_mobilenetv3_large_100_miil_in21k_imagenet21k_p_11,True,NaN,True,NaN
174,timm_tf_efficientnet_lite2_imagenet_11,True,NaN,True,NaN
175,timm_rexnet_130_imagenet_11,True,NaN,True,NaN
176,timm_tf_efficientnetv2_b1_imagenet_11,True,NaN,True,NaN
177,timm_regnetx_016_imagenet_11,True,NaN,True,NaN
178,timm_tf_efficientnet_b1_imagenet_11,True,NaN,True,NaN
179,timm_tf_efficientnetv2_m_in21ft1k_imagenet_11,True,NaN,True,NaN
180,timm_resnet101d_imagenet_11,True,NaN,True,NaN
181,timm_regnetx_008_imagenet_11,True,NaN,True,NaN
182,timm_resnetrs200_imagenet_11,True,NaN,True,NaN
183,timm_twins_pcpvt_large_imagenet_11,True,NaN,True,NaN
184,timm_tf_efficientnet_b0_ap_imagenet_11,True,NaN,True,NaN
185,timm_ecaresnet26t_imagenet_11,True,NaN,True,NaN
186,timm_legacy_seresnet18_imagenet_11,True,NaN,True,NaN
187,timm_mobilenetv2_120d_imagenet_11,True,NaN,True,NaN
188,timm_tf_efficientnetv2_s_in21k_imagenet21k_e_11,True,NaN,True,NaN
189,timm_repvgg_b3g4_imagenet_11,True,NaN,True,NaN
190,timm_dpn107_imagenet_11,True,NaN,True,NaN
191,timm_regnetx_064_imagenet_11,True,NaN,True,NaN
192,timm_hardcorenas_e_imagenet_11,True,NaN,True,NaN
193,timm_mixnet_m_imagenet_11,True,NaN,True,NaN
194,timm_cspresnext50_imagenet_11,True,NaN,True,NaN
195,timm_tf_efficientnetv2_m_imagenet_11,True,NaN,True,NaN
196,timm_tf_efficientnet_b2_ns_imagenet_11,True,NaN,True,NaN
197,timm_dla60x_c_imagenet_11,True,NaN,True,NaN
198,timm_tf_efficientnetv2_l_in21ft1k_imagenet_11,True,NaN,True,NaN
199,timm_dpn68_imagenet_11,True,NaN,True,NaN
200,timm_gernet_m_imagenet_11,True,NaN,True,NaN
201,timm_mobilenetv3_large_100_miil_imagenet_11,True,NaN,True,NaN
202,timm_repvgg_a2_imagenet_11,True,NaN,True,NaN
203,timm_resnest101e_imagenet_11,True,NaN,True,NaN
204,timm_legacy_seresnet152_imagenet_11,True,NaN,True,NaN
205,timm_repvgg_b1_imagenet_11,True,NaN,True,NaN
206,timm_skresnet34_imagenet_11,True,NaN,True,NaN
207,timm_tf_efficientnetv2_m_in21k_imagenet21k_e_11,True,NaN,True,NaN
208,timm_mobilenetv3_large_100_imagenet_11,True,NaN,True,NaN
209,timm_resnetrs50_imagenet_11,True,NaN,True,NaN
210,timm_dla60_imagenet_11,True,NaN,True,NaN
211,timm_ecaresnet101d_imagenet_11,True,NaN,True,NaN
212,timm_mobilenetv2_110d_imagenet_11,True,NaN,True,NaN
213,timm_hrnet_w18_small_imagenet_11,True,NaN,True,NaN
214,timm_cspdarknet53_imagenet_11,True,NaN,True,NaN
215,timm_tf_efficientnetv2_l_imagenet_11,True,NaN,True,NaN
216,timm_seresnext26d_32x4d_imagenet_11,True,NaN,True,NaN
217,timm_hrnet_w30_imagenet_11,True,NaN,True,NaN
218,timm_hardcorenas_d_imagenet_11,True,NaN,True,NaN
219,timm_tf_efficientnet_b0_imagenet_11,True,NaN,True,NaN
220,timm_resnet34d_imagenet_11,True,NaN,True,NaN
221,timm_resnet26_imagenet_11,True,NaN,True,NaN
222,timm_pit_s_224_imagenet_11,True,NaN,True,NaN
223,timm_tf_efficientnet_l2_ns_imagenet_11,True,NaN,True,NaN
224,timm_pit_xs_224_imagenet_11,True,NaN,True,NaN
225,timm_ecaresnetlight_imagenet_11,True,NaN,True,NaN
226,timm_seresnext26t_32x4d_imagenet_11,True,NaN,True,NaN
227,timm_mixnet_l_imagenet_11,True,NaN,True,NaN
228,timm_efficientnet_es_imagenet_11,True,NaN,True,NaN
229,timm_dla102x_imagenet_11,True,NaN,True,NaN
230,timm_spnasnet_100_imagenet_11,True,NaN,True,NaN
231,timm_swsl_resnet50_imagenet_11,True,NaN,True,NaN
232,timm_dla34_imagenet_11,True,NaN,True,NaN
233,timm_selecsls60b_imagenet_11,True,NaN,True,NaN
234,timm_regnety_064_imagenet_11,True,NaN,True,NaN
235,timm_regnety_002_imagenet_11,True,NaN,True,NaN
236,timm_coat_tiny_imagenet_11,True,NaN,True,NaN
237,timm_resnet51q_imagenet_11,True,NaN,True,NaN
238,timm_tf_efficientnet_b7_imagenet_11,True,NaN,True,NaN
239,timm_gluon_seresnext101_32x4d_imagenet_11,True,NaN,True,NaN
240,timm_tf_efficientnet_b2_imagenet_11,True,NaN,True,NaN
241,timm_regnetx_002_imagenet_11,True,NaN,True,NaN
242,timm_resnetrs420_imagenet_11,True,NaN,True,NaN
243,timm_gluon_resnet152_v1c_imagenet_11,True,NaN,True,NaN
244,timm_adv_inception_v3_imagenet_11,True,NaN,True,NaN
245,timm_gluon_resnet101_v1c_imagenet_11,True,NaN,True,NaN
246,timm_dpn98_imagenet_11,True,NaN,True,NaN
247,timm_hrnet_w18_small_v2_imagenet_11,True,NaN,True,NaN
248,timm_tf_efficientnet_b1_ns_imagenet_11,True,NaN,True,NaN
249,timm_mobilenetv2_140_imagenet_11,True,NaN,True,NaN
250,timm_res2net50_26w_6s_imagenet_11,True,NaN,True,NaN
251,timm_resnet50_imagenet_11,True,NaN,True,NaN
252,timm_xception41_imagenet_11,True,NaN,True,NaN
253,timm_regnety_006_imagenet_11,True,NaN,True,NaN
254,timm_tf_efficientnet_es_imagenet_11,True,NaN,True,NaN
255,timm_legacy_senet154_imagenet_11,True,NaN,True,NaN
256,timm_resnet50d_imagenet_11,True,NaN,True,NaN
257,timm_tf_efficientnet_b4_ap_imagenet_11,True,NaN,True,NaN
258,timm_semnasnet_100_imagenet_11,True,NaN,True,NaN
259,timm_ecaresnet50d_pruned_imagenet_11,True,NaN,True,NaN
260,timm_resnest14d_imagenet_11,True,NaN,True,NaN
261,timm_seresnext50_32x4d_imagenet_11,True,NaN,True,NaN
262,timm_resnetrs152_imagenet_11,True,NaN,True,NaN
263,timm_resnetblur50_imagenet_11,True,NaN,True,NaN
264,timm_tf_efficientnet_b0_ns_imagenet_11,True,NaN,True,NaN
265,timm_pit_ti_distilled_224_imagenet_11,True,NaN,True,NaN
266,timm_legacy_seresnext50_32x4d_imagenet_11,True,NaN,True,NaN
267,timm_resnetrs101_imagenet_11,True,NaN,True,NaN
268,timm_res2net50_26w_4s_imagenet_11,True,NaN,True,NaN
269,timm_tf_efficientnet_b5_imagenet_11,True,NaN,True,NaN
270,timm_resnest50d_4s2x40d_imagenet_11,True,NaN,True,NaN
271,timm_ssl_resnext101_32x16d_imagenet_11,True,NaN,True,NaN
272,timm_wide_resnet50_2_imagenet_11,True,NaN,True,NaN
273,timm_dla46_c_imagenet_11,True,NaN,True,NaN
274,timm_regnety_080_imagenet_11,True,NaN,True,NaN
275,timm_pit_b_224_imagenet_11,True,NaN,True,NaN
276,timm_legacy_seresnet50_imagenet_11,True,NaN,True,NaN
277,timm_mobilenetv3_rw_imagenet_11,True,NaN,True,NaN
278,timm_gluon_resnext101_32x4d_imagenet_11,True,NaN,True,NaN
279,timm_hrnet_w32_imagenet_11,True,NaN,True,NaN
280,timm_dpn131_imagenet_11,True,NaN,True,NaN
281,timm_gluon_inception_v3_imagenet_11,True,NaN,True,NaN
282,timm_tf_efficientnetv2_b2_imagenet_11,True,NaN,True,NaN
283,timm_ecaresnet50t_imagenet_11,True,NaN,True,NaN
284,timm_efficientnet_b1_pruned_imagenet_11,True,NaN,True,NaN
285,timm_legacy_seresnet101_imagenet_11,True,NaN,True,NaN
286,timm_gluon_resnet50_v1d_imagenet_11,True,NaN,True,NaN
287,timm_tf_efficientnetv2_s_imagenet_11,True,NaN,True,NaN
288,timm_selecsls60_imagenet_11,True,NaN,True,NaN
289,timm_resnetrs350_imagenet_11,True,NaN,True,NaN
290,timm_hardcorenas_c_imagenet_11,True,NaN,True,NaN
291,timm_rexnet_150_imagenet_11,True,NaN,True,NaN
292,timm_seresnet152d_imagenet_11,True,NaN,True,NaN
293,timm_coat_mini_imagenet_11,True,NaN,True,NaN
294,timm_tf_efficientnet_em_imagenet_11,True,NaN,True,NaN
295,timm_efficientnet_lite0_imagenet_11,True,NaN,True,NaN
296,timm_tf_efficientnet_b1_ap_imagenet_11,True,NaN,True,NaN
297,timm_hrnet_w64_imagenet_11,True,NaN,True,NaN
298,timm_skresnet18_imagenet_11,True,NaN,True,NaN
299,timm_ghostnet_100_imagenet_11,True,NaN,True,NaN
300,timm_tf_efficientnet_b5_ap_imagenet_11,True,NaN,True,NaN
301,timm_tf_efficientnet_lite4_imagenet_11,True,NaN,True,NaN
302,timm_res2next50_imagenet_11,True,NaN,True,NaN
303,timm_mixnet_s_imagenet_11,True,NaN,True,NaN
304,timm_gluon_resnet50_v1c_imagenet_11,True,NaN,True,NaN
305,timm_gluon_seresnext50_32x4d_imagenet_11,True,NaN,True,NaN
306,timm_inception_resnet_v2_imagenet_11,True,NaN,True,NaN
307,timm_twins_pcpvt_small_imagenet_11,True,NaN,True,NaN
308,timm_dla60x_imagenet_11,True,NaN,True,NaN
309,timm_repvgg_b2g4_imagenet_11,True,NaN,True,NaN
310,timm_tf_efficientnet_b4_ns_imagenet_11,True,NaN,True,NaN
311,timm_regnety_008_imagenet_11,True,NaN,True,NaN
312,timm_resnet152d_imagenet_11,True,NaN,True,NaN
313,timm_xception71_imagenet_11,True,NaN,True,NaN
314,timm_ssl_resnext50_32x4d_imagenet_11,True,NaN,True,NaN
315,timm_twins_svt_small_imagenet_11,True,NaN,True,NaN
316,timm_res2net101_26w_4s_imagenet_11,True,NaN,True,NaN
317,timm_skresnext50_32x4d_imagenet_11,True,NaN,True,NaN
318,timm_swsl_resnet18_imagenet_11,True,NaN,True,NaN
319,timm_efficientnet_b3_imagenet_11,True,NaN,True,NaN
320,timm_tf_efficientnetv2_b3_imagenet_11,True,NaN,True,NaN
321,timm_tf_efficientnet_b3_imagenet_11,True,NaN,True,NaN
322,timm_tf_efficientnet_b5_ns_imagenet_11,True,NaN,True,NaN
323,timm_tf_efficientnet_b3_ns_imagenet_11,True,NaN,True,NaN
324,timm_pit_xs_distilled_224_imagenet_11,True,NaN,True,NaN
325,timm_resnet18d_imagenet_11,True,NaN,True,NaN
326,timm_tf_efficientnet_lite0_imagenet_11,True,NaN,True,NaN
327,timm_regnetx_040_imagenet_11,True,NaN,True,NaN
328,timm_ssl_resnet50_imagenet_11,True,NaN,True,NaN
329,timm_efficientnet_b0_imagenet_11,True,NaN,True,NaN
330,timm_efficientnet_el_imagenet_11,True,NaN,True,NaN
331,timm_tf_mobilenetv3_large_075_imagenet_11,True,NaN,True,NaN
332,timm_efficientnetv2_rw_s_imagenet_11,True,NaN,True,NaN
333,timm_ssl_resnext101_32x4d_imagenet_11,True,NaN,True,NaN
334,timm_coat_lite_mini_imagenet_11,True,NaN,True,NaN
335,timm_regnety_004_imagenet_11,True,NaN,True,NaN
336,timm_dpn92_imagenet_11,True,NaN,True,NaN
337,timm_legacy_seresnet34_imagenet_11,True,NaN,True,NaN
338,timm_legacy_seresnext101_32x4d_imagenet_11,True,NaN,True,NaN
339,timm_regnetx_004_imagenet_11,True,NaN,True,NaN
340,timm_tf_efficientnet_lite3_imagenet_11,True,NaN,True,NaN
341,timm_nasnetalarge_imagenet_11,True,NaN,True,NaN
342,timm_gluon_resnext101_64x4d_imagenet_11,True,NaN,True,NaN
343,timm_tf_efficientnet_b2_ap_imagenet_11,True,NaN,True,NaN
344,timm_coat_lite_tiny_imagenet_11,True,NaN,True,NaN
345,timm_gluon_seresnext101_64x4d_imagenet_11,True,NaN,True,NaN
346,timm_gluon_resnet101_v1d_imagenet_11,True,NaN,True,NaN
347,timm_efficientnet_b3_pruned_imagenet_11,True,NaN,True,NaN
348,timm_efficientnet_b4_imagenet_11,True,NaN,True,NaN
349,timm_tf_mobilenetv3_small_075_imagenet_11,True,NaN,True,NaN
350,timm_gluon_resnet18_v1b_imagenet_11,True,NaN,True,NaN
351,timm_fbnetc_100_imagenet_11,True,NaN,True,NaN
352,timm_hrnet_w44_imagenet_11,True,NaN,True,NaN
353,timm_ssl_resnet18_imagenet_11,True,NaN,True,NaN
354,timm_densenetblur121d_imagenet_11,True,NaN,True,NaN
355,timm_gluon_resnet152_v1s_imagenet_11,True,NaN,True,NaN
356,timm_ssl_resnext101_32x8d_imagenet_11,True,NaN,True,NaN
357,timm_selecsls42b_imagenet_11,True,NaN,True,NaN
358,timm_res2net50_48w_2s_imagenet_11,True,NaN,True,NaN
359,timm_resnext50_32x4d_imagenet_11,True,NaN,True,NaN
360,timm_regnety_160_imagenet_11,True,NaN,True,NaN
361,timm_ecaresnet50d_imagenet_11,True,NaN,True,NaN
362,timm_res2net50_26w_8s_imagenet_11,True,NaN,True,NaN
363,timm_ese_vovnet39b_imagenet_11,True,NaN,True,NaN
364,timm_gluon_resnet50_v1s_imagenet_11,True,NaN,True,NaN
365,timm_tf_mobilenetv3_small_minimal_100_imagenet_11,True,NaN,True,NaN
366,timm_tf_efficientnetv2_s_in21ft1k_imagenet_11,True,NaN,True,NaN
367,timm_mobilenetv2_100_imagenet_11,True,NaN,True,NaN
368,timm_efficientnet_el_pruned_imagenet_11,True,NaN,True,NaN
369,timm_hardcorenas_b_imagenet_11,True,NaN,True,NaN
370,timm_swsl_resnext101_32x8d_imagenet_11,True,NaN,True,NaN
371,timm_pit_b_distilled_224_imagenet_11,True,NaN,True,NaN
372,timm_dla60_res2next_imagenet_11,True,NaN,True,NaN
373,timm_swsl_resnext101_32x4d_imagenet_11,True,NaN,True,NaN
374,timm_tf_efficientnet_b8_imagenet_11,True,NaN,True,NaN
375,timm_resnest200e_imagenet_11,True,NaN,True,NaN
376,timm_gluon_resnet101_v1s_imagenet_11,True,NaN,True,NaN
377,timm_dla169_imagenet_11,True,NaN,True,NaN
378,timm_regnety_320_imagenet_11,True,NaN,True,NaN
379,timm_ese_vovnet19b_dw_imagenet_11,True,NaN,True,NaN
380,timm_regnety_032_imagenet_11,True,NaN,True,NaN
381,timm_pit_s_distilled_224_imagenet_11,True,NaN,True,NaN
382,timm_tf_efficientnet_b6_ns_imagenet_11,True,NaN,True,NaN
383,timm_resnetrs270_imagenet_11,True,NaN,True,NaN
384,timm_gluon_resnet152_v1d_imagenet_11,True,NaN,True,NaN
385,timm_resnet34_imagenet_11,True,NaN,True,NaN
386,timm_regnety_016_imagenet_11,True,NaN,True,NaN
387,timm_tf_efficientnet_b7_ns_imagenet_11,True,NaN,True,NaN
388,timm_mixnet_xl_imagenet_11,True,NaN,True,NaN
389,timm_tf_inception_v3_imagenet_11,True,NaN,True,NaN
390,timm_resnet200d_imagenet_11,True,NaN,True,NaN
391,timm_tf_efficientnet_b4_imagenet_11,True,NaN,True,NaN
392,timm_ecaresnet269d_imagenet_11,True,NaN,True,NaN
393,timm_pnasnet5large_imagenet_11,True,NaN,True,NaN
394,timm_xception_imagenet_11,True,NaN,True,NaN
395,timm_resnest50d_imagenet_11,True,NaN,True,NaN
396,timm_tf_mixnet_m_imagenet_11,True,NaN,True,NaN
397,timm_resnest50d_1s4x24d_imagenet_11,True,NaN,True,NaN
398,timm_seresnet50_imagenet_11,True,NaN,True,NaN
399,timm_dla46x_c_imagenet_11,True,NaN,True,NaN
400,timm_ens_adv_inception_resnet_v2_imagenet_11,True,NaN,True,NaN
401,timm_twins_pcpvt_base_imagenet_11,True,NaN,True,NaN
402,timm_dla102x2_imagenet_11,True,NaN,True,NaN
403,timm_hrnet_w48_imagenet_11,True,NaN,True,NaN
404,timm_swsl_resnext50_32x4d_imagenet_11,True,NaN,True,NaN
405,timm_resnet26d_imagenet_11,True,NaN,True,NaN
406,timm_dla60_res2net_imagenet_11,True,NaN,True,NaN
407,timm_densenet121_imagenet_11,True,NaN,True,NaN
408,timm_inception_v4_imagenet_11,True,NaN,True,NaN
409,timm_tf_efficientnetv2_b0_imagenet_11,True,NaN,True,NaN
410,timm_tf_efficientnet_l2_ns_475_imagenet_11,True,NaN,True,NaN
411,timm_coat_lite_small_imagenet_11,True,NaN,True,NaN
412,timm_regnetx_032_imagenet_11,True,NaN,True,NaN
413,timm_swsl_resnext101_32x16d_imagenet_11,True,NaN,True,NaN
414,timm_efficientnet_b2_pruned_imagenet_11,True,NaN,True,NaN
415,timm_hardcorenas_a_imagenet_11,True,NaN,True,NaN
416,timm_gluon_resnet152_v1b_imagenet_11,True,NaN,True,NaN
417,timm_cspresnet50_imagenet_11,True,NaN,True,NaN
418,timm_regnetx_006_imagenet_11,True,NaN,True,NaN
419,timm_twins_svt_base_imagenet_11,True,NaN,True,NaN
420,timm_pit_ti_224_imagenet_11,True,NaN,True,NaN
421,timm_mnasnet_100_imagenet_11,True,NaN,True,NaN
422,timm_gluon_resnet101_v1b_imagenet_11,True,NaN,True,NaN
423,timm_resnest269e_imagenet_11,True,NaN,True,NaN
424,timm_legacy_seresnext26_32x4d_imagenet_11,True,NaN,True,NaN
425,timm_efficientnet_em_imagenet_11,True,NaN,True,NaN
426,timm_gernet_l_imagenet_11,True,NaN,True,NaN
427,yolov2-coco-9,True,NaN,True,NaN
428,candy-9,True,NaN,True,NaN
429,emotion-ferplus-8,True,NaN,True,NaN
430,tinyyolov2-8,True,NaN,True,NaN
431,zfnet512-9,True,NaN,True,NaN
432,version-RFB-320,True,NaN,True,NaN
433,super-resolution-10,True,NaN,True,NaN
434,ssd-10,True,NaN,True,NaN
435,udnie-9,True,NaN,True,NaN
436,version-RFB-640,True,NaN,True,NaN
437,efficientnet-lite4-11,True,NaN,True,NaN
438,ResNet101-DUC-7,True,NaN,True,NaN
439,FasterRCNN-10,True,NaN,True,NaN
440,age_googlenet,True,NaN,True,NaN
441,tiny-yolov3-11,True,NaN,True,NaN
442,yolov3-10,True,NaN,True,NaN
443,MaskRCNN-10,True,NaN,True,NaN
444,vgg_ilsvrc_16_age_chalearn_iccv2015,True,NaN,True,NaN
445,yolov4,True,NaN,True,NaN
446,ssd_mobilenet_v1_10,True,NaN,True,NaN
447,gender_googlenet,True,NaN,True,NaN
448,rain-princess-9,True,NaN,True,NaN
449,pointilism-9,True,NaN,True,NaN
450,arcfaceresnet100-8,True,NaN,True,NaN
451,mnist-8,True,NaN,True,NaN
452,vgg_ilsvrc_16_age_imdb_wiki,True,NaN,True,NaN
453,retinanet-9,True,NaN,True,NaN
454,mosaic-9,True,NaN,True,NaN
455,vgg_ilsvrc_16_gender_imdb_wiki,True,NaN,True,NaN
456,vgg11_imagenet_11,True,NaN,True,NaN
457,resnet34_imagenet_11,True,NaN,True,NaN
458,vgg13_bn_imagenet_11,True,NaN,True,NaN
459,wide_resnet50_2_imagenet_11,True,NaN,True,NaN
460,resnext50_32x4d_imagenet_11,True,NaN,True,NaN
461,vgg19_bn_imagenet_11,True,NaN,True,NaN
462,vgg19_imagenet_11,True,NaN,True,NaN
463,wide_resnet101_2_imagenet_11,True,NaN,True,NaN
464,mnasnet1_0_imagenet_11,True,NaN,True,NaN
465,vgg16_imagenet_11,True,NaN,True,NaN
466,alexnet_imagenet_11,True,NaN,True,NaN
467,shufflenet_v2_x1_0_imagenet_11,True,NaN,True,NaN
468,densenet169_imagenet_11,True,NaN,True,NaN
469,resnext101_32x8d_imagenet_11,True,NaN,True,NaN
470,googlenet_imagenet_11,True,NaN,True,NaN
471,resnet50_imagenet_11,True,NaN,True,NaN
472,mobilenet_v2_imagenet_11,True,NaN,True,NaN
473,densenet201_imagenet_11,True,NaN,True,NaN
474,shufflenet_v2_x0_5_imagenet_11,True,NaN,True,NaN
475,vgg16_bn_imagenet_11,True,NaN,True,NaN
476,resnet152_imagenet_11,True,NaN,True,NaN
477,densenet121_imagenet_11,True,NaN,True,NaN
478,inception_v3_imagenet_11,True,NaN,True,NaN
479,vgg11_bn_imagenet_11,True,NaN,True,NaN
480,resnet101_imagenet_11,True,NaN,True,NaN
481,vgg13_imagenet_11,True,NaN,True,NaN
482,squeezenet1_1_imagenet_11,True,NaN,True,NaN
483,resnet18_imagenet_11,True,NaN,True,NaN
484,squeezenet1_0_imagenet_11,True,NaN,True,NaN
485,densenet161_imagenet_11,True,NaN,True,NaN
486,mnasnet0_5_imagenet_11,True,NaN,True,NaN
